<?xml version="1.0" encoding="utf-8" ?>

<component xsi:noNamespaceSchemaLocation="https://devtools.web.roku.com/schema/RokuSceneGraph.xsd"
  name="TeamRow"
  extends="LayoutGroup">
  <interface>
    <field id="itemContent" type="Node"/>
    <field id="width" type="int" value="720"/>
    <field id="height" type="int"/>
    <field id="fontSize" type="int"/>
  </interface>
	<script type="text/brightscript" uri="pkg:/components/TeamRow/TeamRow.brs"/>
  <children>
    <Label id="name" color="0x000000FF"/>
    <Label id="wins"  color="0x000000FF" />
    <Label id="losses"  color="0x000000FF"  />
    <Label id="percentage"  color="0x000000FF" />
    <Label id="gb"  color="0x000000FF" horizAlign="right"/>
  </children>
</component>
